{
    "type": "minecraft:crafting_shaped",
    "category" : "equipment",
    "pattern": [
      "  #",
      "T#S",
      "QS "
    ],
    "key": {
      "#": {
        "item": "minecraft:repeating_command_block"
      },
      "T": {
        "item": "minecraft:tripwire_hook"
      },
      "S": {
        "tag": "minecraft:planks"
      },
      "Q": {
        "item": "minecraft:quartz"
      }
    },
    "result": {
      "id": "minecraft:carrot_on_a_stick",
      "count": 1,
      "components": {
        "minecraft:custom_model_data": 1628,
        "minecraft:unbreakable": {
          "show_in_tooltip": false
        },
        "minecraft:custom_data": "{CustomItem:\"3cs_guns:powder_rifle\"}",
        "minecraft:custom_name": "{\"color\":\"yellow\",\"italic\":false,\"text\":\"Powder Rifle\"}",
        "minecraft:lore": [
          "{\"color\":\"gray\",\"italic\":false,\"text\":\"Gunpowder Firearm\"}",
          "{\"color\":\"gray\",\"italic\":false,\"text\":\"Type: Rifle\"}",
          "{\"color\":\"dark_gray\",\"text\":\"Sniping's a good job, mate.\"}",
          "{\"color\":\"dark_gray\",\"italic\":false,\"text\":\"Right click to aim, right click again to shoot.\"}"
        ]
      }
    }
  }
  