{
    "type": "minecraft:blasting",
    "category" : "misc",
    "ingredient": {
        "item": "minecraft:iron_ingot"
    },
    "result": {
      "id": "minecraft:repeating_command_block",
      "components": {
        "minecraft:custom_name": "{\"color\":\"white\",\"italic\":false,\"text\":\"Tempered Ingot\"}",
        "minecraft:lore": [
          "{\"color\":\"dark_gray\",\"italic\":false,\"text\":\"Could be strong enough to contain bursts of energy..?\"}"
        ],
        "minecraft:custom_model_data": 1,
        "minecraft:custom_data": "{CustomItem:\"3cs_guns:tempered_iron\"}"
      }
    },
    "experience": 0.1,
    "cookingtime": 200
}