{
    "condition": "minecraft:any_of",
    "terms": [
      {
        "condition": "minecraft:entity_properties",
        "entity": "this",
        "predicate": {
          "equipment": {
            "offhand": {
              "items": "minecraft:carrot_on_a_stick",
              "components": {
                "minecraft:custom_data": "{CustomItem:\"3cs_guns:powder_rifle\"}"
              }
            }
          }
        }
      },
      {
        "condition": "minecraft:entity_properties",
        "entity": "this",
        "predicate": {
          "equipment": {
            "mainhand": {
              "items": "minecraft:carrot_on_a_stick",
              "components": {
                "minecraft:custom_data": "{CustomItem:\"3cs_guns:powder_rifle\"}"
              }
            }
          }
        }
      }
    ]
  }
  