{
    "type": "minecraft:chest",
    "pools": [
      {
        "rolls": {
          "type": "minecraft:uniform",
          "min": 2,
          "max": 4
        },
        "bonus_rolls": 0,
        "entries": [
          {
            "type": "minecraft:item",
            "name": "minecraft:repeating_command_block",
            "weight": 5,
            "functions": [
              {
                "function": "minecraft:set_count",
                "count": {
                  "min": 1,
                  "max": 3
                }
              },
              {
                "function": "minecraft:set_nbt",
                "tag": "{display:{Name:'{\"text\":\"Tempered Iron Ingot\",\"color\":\"white\",\"italic\":false}',Lore:['{\"text\":\"Ingredients\",\"color\":\"blue\",\"italic\":false}','{\"text\":\"Hard enough to.. contain small explosions?\",\"color\":\"dark_gray\",\"italic\":false}']},CustomModelData:1,CustomItem:\"3cs_guns:tempered_iron\"}"
              }
            ]
          },
          {
            "type": "minecraft:item",
            "name": "minecraft:diamond",
            "weight": 5,
            "functions": [
              {
                "function": "minecraft:set_count",
                "count": {
                  "type": "minecraft:uniform",
                  "min": 1,
                  "max": 3
                },
                "add": false
              }
            ]
          },
          {
            "type": "minecraft:item",
            "name": "minecraft:iron_ingot",
            "weight": 5,
            "functions": [
              {
                "function": "minecraft:set_count",
                "count": {
                  "type": "minecraft:uniform",
                  "min": 1,
                  "max": 5
                },
                "add": false
              }
            ]
          },
          {
            "type": "minecraft:item",
            "name": "minecraft:gold_ingot",
            "weight": 15,
            "functions": [
              {
                "function": "minecraft:set_count",
                "count": {
                  "type": "minecraft:uniform",
                  "min": 1,
                  "max": 3
                },
                "add": false
              }
            ]
          },
          {
            "type": "minecraft:item",
            "name": "minecraft:golden_sword",
            "weight": 5
          },
          {
            "type": "minecraft:item",
            "name": "minecraft:golden_chestplate",
            "weight": 5
          },
          {
            "type": "minecraft:item",
            "name": "minecraft:flint_and_steel",
            "weight": 5
          },
          {
            "type": "minecraft:item",
            "name": "minecraft:nether_wart",
            "weight": 5,
            "functions": [
              {
                "function": "minecraft:set_count",
                "count": {
                  "type": "minecraft:uniform",
                  "min": 3,
                  "max": 7
                },
                "add": false
              }
            ]
          },
          {
            "type": "minecraft:item",
            "name": "minecraft:saddle",
            "weight": 10
          },
          {
            "type": "minecraft:item",
            "name": "minecraft:golden_horse_armor",
            "weight": 8
          },
          {
            "type": "minecraft:item",
            "name": "minecraft:iron_horse_armor",
            "weight": 5
          },
          {
            "type": "minecraft:item",
            "name": "minecraft:diamond_horse_armor",
            "weight": 3
          },
          {
            "type": "minecraft:item",
            "name": "minecraft:obsidian",
            "weight": 2,
            "functions": [
              {
                "function": "minecraft:set_count",
                "count": {
                  "type": "minecraft:uniform",
                  "min": 2,
                  "max": 4
                },
                "add": false
              }
            ]
          }
        ]
      },
      {
        "rolls": 1,
        "bonus_rolls": 0,
        "entries": [
          {
            "type": "minecraft:empty",
            "weight": 14
          },
          {
            "type": "minecraft:item",
            "name": "minecraft:rib_armor_trim_smithing_template"
          }
        ]
      }
    ],
    "random_sequence": "minecraft:chests/nether_bridge"
  }
  