{
    "type": "minecraft:crafting_shapeless",
    "category" : "equipment",
    "ingredients": [
      {
        "item": "minecraft:paper"
      },
      {
        "item": "minecraft:iron_nugget"
      },
      {
        "item": "minecraft:gunpowder"
      }
    ],
    "result": {
      "id": "minecraft:command_block",
      "count": 1,
      "components": {
        "minecraft:custom_name": "{\"color\":\"white\",\"italic\":false,\"text\":\"Gunpowder Round\"}",
        "minecraft:lore": [
          "{\"color\":\"dark_gray\",\"italic\":false,\"text\":\"Used in gunpowder-propelled firearms.\"}"
        ],
        "minecraft:custom_model_data": 1,
        "minecraft:custom_data": "{CustomItem:\"3cs_guns:bullet\"}"
      }
    }
  }
  